Id,Position,First Name,Nickname,Last Name,FPPG,Played,Salary,Game,Team,Opponent,Injury Indicator,Injury Details,Tier,,,Roster Position
129922-78530,G,Rory,Rory McIlroy,McIlroy,95.42000122070313,5,12800,,,,,,,,,G
129922-107336,G,Cameron,Cameron Young,Young,98.38888888888889,9,12500,,,,,,,,,G
129922-78766,G,Xander,Xander Schauffele,Schauffele,82,9,12100,,,,,,,,,G
129922-78083,G,Matt,Matt Fitzpatrick,Fitzpatrick,98.88888888888889,9,11900,,,,,,,,,G
129922-163390,G,Ludvig,Ludvig Aberg,Aberg,87.67777506510417,9,11600,,,,,,,,,G
129922-78346,G,Si Woo,Si Woo Kim,Kim,91.0499979654948,12,11100,,,,,,,,,G
129922-78084,G,Tommy,Tommy Fleetwood,Fleetwood,83.5999984741211,8,10900,,,,,,,,,G
129922-110893,G,Robert,Robert MacIntyre,MacIntyre,85.74444580078125,9,10700,,,,,,,,,G
129922-79435,G,Patrick,Patrick Cantlay,Cantlay,74.88888888888889,9,10600,,,,,,,,,G
129922-77904,G,Sam,Sam Burns,Burns,73.34000244140626,10,10500,,,,,,,,,G
129922-78780,G,Adam,Adam Scott,Scott,85.28888617621527,9,10400,,,,,,,,,G
129922-101764,G,Ben,Ben Griffin,Griffin,67.91666666666667,12,10300,,,,,,,,,G
129922-101713,G,Viktor,Viktor Hovland,Hovland,68.91111246744792,9,10200,,,,,,,,,G
129922-78093,G,Rickie,Rickie Fowler,Fowler,76.84000244140626,10,10100,,,,,,,,,G
129922-78508,G,Hideki,Hideki Matsuyama,Matsuyama,83.22000122070312,10,10000,,,,,,,,,G
129922-80579,G,Sepp,Sepp Straka,Straka,75.85999755859375,10,9900,,,,,,,,,G
129922-78538,G,Maverick,Maverick McNealy,McNealy,79.96363414417614,11,9800,,,,,,,,,G
129922-165988,G,Chris,Chris Gotterup,Gotterup,82.34545343572444,11,9700,,,,,,,,,G
129922-151407,G,Min Woo,Min Woo Lee,Lee,87.02000122070312,10,9600,,,,,,,,,G
129922-78833,G,Jordan,Jordan Spieth,Spieth,72.2636385830966,11,9500,,,,,,,,,G
129922-79518,G,Jake,Jake Knapp,Knapp,91.47777642144098,9,9400,,,,O,Thumb,,,,G
129922-77997,G,Jason,Jason Day,Day,72.75999755859375,10,9300,,,,,,,,,G
129922-78831,G,J.J.,J.J. Spaun,Spaun,59.33636474609375,11,9200,,,,,,,,,G
129922-78050,G,Harris,Harris English,English,79.60909201882102,11,9100,,,,,,,,,G
129922-78744,G,Justin,Justin Rose,Rose,73.07499694824219,8,9000,,,,,,,,,G
129922-78893,G,Justin,Justin Thomas,Thomas,57.3999989827474,6,9000,,,,,,,,,G
129922-84820,G,Nicolai,Nicolai Hojgaard,Hojgaard,78.82000122070312,10,8900,,,,,,,,,G
129922-78357,G,Kurt,Kurt Kitayama,Kitayama,73.81818181818181,11,8800,,,,,,,,,G
129922-103030,G,Akshay,Akshay Bhatia,Bhatia,84.27999877929688,10,8700,,,,,,,,,G
129922-78998,G,Gary,Gary Woodland,Woodland,63.87272505326705,11,8600,,,,,,,,,G
129922-78599,G,Alex,Alex Noren,Noren,72.92999877929688,10,8500,,,,,,,,,G
129922-169771,G,Jacob,Jacob Bridgeman,Bridgeman,92.7636385830966,11,8500,,,,,,,,,G
129922-79759,G,Sahith,Sahith Theegala,Theegala,82.16666666666667,12,8400,,,,,,,,,G
129922-77881,G,Keegan,Keegan Bradley,Bradley,60.7,10,8400,,,,,,,,,G
129922-80560,G,Alex,Alex Smalley,Smalley,77.52727161754261,11,8300,,,,,,,,,G
129922-170740,G,Ryan,Ryan Gerard,Gerard,79.15833536783855,12,8300,,,,,,,,,G
129922-166816,G,Alex,Alex Fitzpatrick,Fitzpatrick,96.5999984741211,1,8200,,,,,,,,,G
129922-78187,G,Brian,Brian Harman,Harman,64.28181596235795,11,8200,,,,,,,,,G
129922-78228,G,Max,Max Homa,Homa,61.19090687144887,11,8100,,,,,,,,,G
129922-77848,G,Daniel,Daniel Berger,Berger,70.60909201882102,11,8100,,,,,,,,,G
129922-165953,G,Sam,Sam Stevens,Stevens,77.7999979654948,12,8000,,,,,,,,,G
129922-170736,G,Matthew,Matthew McCarty,McCarty,67.32307786207933,13,8000,,,,,,,,,G
129922-119289,G,Harry,Harry Hall,Hall,64.47272838245739,11,8000,,,,,,,,,G
129922-171574,G,Aldrich,Aldrich Potgieter,Potgieter,52.10909201882102,11,7900,,,,,,,,,G
129922-78689,G,J.T.,J.T. Poston,Poston,60.42000122070313,10,7900,,,,,,,,,G
129922-77966,G,Corey,Corey Conners,Conners,63.75,10,7800,,,,,,,,,G
129922-84467,G,Kristoffer,Kristoffer Reitan,Reitan,57.720001220703125,10,7800,,,,,,,,,G
129922-78889,G,Nick,Nick Taylor,Taylor,70.97500101725261,12,7700,,,,,,,,,G
129922-77925,G,Bud,Bud Cauley,Cauley,66.8818192915483,11,7700,,,,,,,,,G
129922-78095,G,Ryan,Ryan Fox,Fox,67.8499984741211,8,7600,,,,,,,,,G
129922-78660,G,Taylor,Taylor Pendrith,Pendrith,57.91817959872159,11,7600,,,,,,,,,G
129922-151425,G,Pierceson,Pierceson Coody,Coody,72.48333231608073,12,7500,,,,,,,,,G
129922-163239,G,Ryo,Ryo Hisatsune,Hisatsune,81.54166666666667,12,7500,,,,,,,,,G
129922-151379,G,Ricky,Ricky Castillo,Castillo,79.62999877929687,10,7400,,,,,,,,,G
129922-80362,G,Austin,Austin Smotherman,Smotherman,59.8272705078125,11,7400,,,,,,,,,G
129922-226937,G,Sudarshan,Sudarshan Yellamaraju,Yellamaraju,84.25454434481534,11,7400,,,,,,,,,G
129922-78344,G,Michael,Michael Kim,Kim,64.39999898274739,12,7300,,,,,,,,,G
129922-78520,G,Denny,Denny McCarthy,McCarthy,58.7250010172526,12,7300,,,,,,,,,G
129922-78951,G,Matt,Matt Wallace,Wallace,64.4888916015625,9,7300,,,,,,,,,G
129922-78739,G,Patrick,Patrick Rodgers,Rodgers,68.95384803185097,13,7200,,,,,,,,,G
129922-78258,G,Sungjae,Sungjae Im,Im,53.528573172433035,7,7200,,,,,,,,,G
129922-82360,G,Andrew,Andrew Novak,Novak,59.32500203450521,12,7200,,,,,,,,,G
129922-78243,G,Mackenzie,Mackenzie Hughes,Hughes,55.02222357855903,9,7100,,,,,,,,,G
129922-78804,G,Webb,Webb Simpson,Simpson,39.460000610351564,5,7100,,,,,,,,,G
129922-78698,G,Andrew,Andrew Putnam,Putnam,67.15999755859374,10,7100,,,,,,,,,G
129922-78078,G,Tony,Tony Finau,Finau,62.52727161754262,11,7100,,,,,,,,,G
129922-180875,G,Chandler,Chandler Blanchet,Blanchet,45.6454551003196,11,7000,,,,,,,,,G
129922-78225,G,Tom,Tom Hoge,Hoge,54.291666666666664,12,7000,,,,,,,,,G
129922-78135,G,Lucas,Lucas Glover,Glover,42.02222357855903,9,7000,,,,,,,,,G
129922-179513,G,Nicolas,Nicolas Echavarria,Echavarria,54.09166463216146,12,7000,,,,,,,,,G
129922-77911,G,Brian,Brian Campbell,Campbell,36.574999491373696,12,7000,,,,,,,,,G
129922-78938,G,Jhonattan,Jhonattan Vegas,Vegas,48.23999938964844,10,7000,,,,,,,,,G
129922-78450,G,David,David Lipsky,Lipsky,66.5625,8,7000,,,,,,,,,G